-- NBU rates by the dates
INSERT INTO nbu_rates(ccy_date, ccy, rate)
VALUES ('2024-12-05', 'UAH', 1.0),
       ('2024-12-05', 'USD', 41.85),
       ('2024-12-05', 'EUR', 44.35),

       ('2024-12-04', 'UAH', 1.0),
       ('2024-12-04', 'USD', 41.50),
       ('2024-12-04', 'EUR', 44.25),

       ('2024-12-03', 'UAH', 1.0),
       ('2024-12-03', 'USD', 40.90),
       ('2024-12-03', 'EUR', 44.15),

       ('2024-12-02', 'UAH', 1.0),
       ('2024-12-02', 'USD', 40.80),
       ('2024-12-02', 'EUR', 44.05);

-- Users
INSERT INTO users (id, name, age)
VALUES (1, 'Maxim', 42),
       (2, 'Pavlo', 38),
       (3, 'Liza', 27),
       (4, 'Dmytro', 36),
       (5, 'Yevhenii', 41),
       (6, 'Oleksii', 43),
       (7, 'Andrii', 38),
       (8, 'Serhii', 42),
       (9, 'Taras', 36),
       (10, 'Nazar', 33);

-- Accounts
INSERT INTO accounts (id, user_id, currency, amount, start_date, end_date)
VALUES (101, 1, 'UAH', 64000, '2023-11-26', '2025-12-26'),
       (102, 2, 'UAH', 458600, '2021-06-12', '2024-06-12'),
       (103, 3, 'UAH', 856400, '2022-08-25', '2024-08-25'),
       (104, 4, 'UAH', 4569500, '2024-10-22', '2025-10-22'),
       (105, 5, 'UAH', 2350000, '2024-10-20', '2025-10-20'),
       (106, 6, 'UAH', 2536000, '2022-06-19', '2024-12-19'),
       (107, 7, 'UAH', 256000, '2024-07-12', '2026-07-12'),
       (108, 8, 'UAH', 2310000, '2022-04-15', '2024-04-15'),
       (109, 9, 'UAH', 8690000, '2024-06-11', '2025-06-11'),
       (110, 1, 'USD', 50500, '2024-12-12', '2025-12-12'),
       (111, 5, 'USD', 23500, '2020-07-23', '2024-12-23'),
       (112, 9, 'USD', 70000, '2024-01-13', '2026-01-13'),
       (113, 9, 'EUR', 30000, '2024-02-15', '2026-02-15'),
       (114, 4, 'UAH', 77000, '2024-07-15', '2026-08-15');

-- Credits
INSERT INTO credits (id, user_id, currency, amount, start_date, end_date)
VALUES (1101, 1, 'UAH', -33000, '2024-11-26', '2026-12-26'),
       (1104, 4, 'UAH', -2525500, '2024-10-22', '2026-10-22'),
       (1105, 5, 'UAH', -1620000, '2024-10-20', '2026-10-20'),
       (1109, 9, 'UAH', -740000, '2024-06-11', '2026-06-11'),
       (1110, 1, 'USD', -21200, '2024-12-12', '2026-12-12'),
       (1111, 5, 'USD', -75500, '2023-07-23', '2025-06-23'),
       (1112, 9, 'USD', -94000, '2024-01-13', '2026-01-13'),
       (1113, 9, 'EUR', -20000, '2024-02-15', '2026-02-15'),
       (1115, 5, 'UAH', -777000, '2024-07-15', '2026-08-15'),
       (1120, 10, 'UAH', -12000, '2024-09-15', '2026-11-11');